method,seconds,acc,conditional_acc,nmi,ari,silhouette,coverage,noise_ratio,n_clusters,graph_neighbors,scale_neighbor,modularity
sensitivity,1.2781525000000329,0.6917084028937117,0.6917084028937117,0.8032148653627423,0.6395180840888992,0.09919780795622903,1.0,0.0,10.0,5,1,0.8437396135363909
sensitivity,0.5812533999996958,0.76850306065665,0.76850306065665,0.7705020726504845,0.6620968922118008,0.11276258793142256,1.0,0.0,10.0,5,2,0.8689597024091782
sensitivity,1.4777573999999731,0.6967167501391207,0.6967167501391207,0.7914148426139858,0.6336304745312956,0.10295482879063973,1.0,0.0,10.0,5,3,0.8418262555569926
sensitivity,0.5759070000003703,0.8464106844741235,0.8464106844741235,0.8261411874796437,0.7532644282598637,0.15037962962679283,1.0,0.0,10.0,5,5,0.8847593182790325
sensitivity,0.4731513000006089,0.8764607679465777,0.8764607679465777,0.896383931527834,0.8354225274517988,0.1798131145851515,1.0,0.0,10.0,7,1,0.885844765447257
sensitivity,0.4570223000000624,0.9554813578185866,0.9554813578185866,0.9234961763156337,0.9062934602495604,0.1660846047864005,1.0,0.0,10.0,7,2,0.8923701317320051
sensitivity,0.48079710000001796,0.9360044518642181,0.9360044518642181,0.8970959818895745,0.8654562133395979,0.1610300063987092,1.0,0.0,10.0,7,3,0.8893187316415793
sensitivity,0.4617152000000715,0.8597662771285476,0.8597662771285476,0.8810235908982554,0.8110376395889748,0.1373796451709059,1.0,0.0,10.0,7,5,0.8782647724424009
sensitivity,0.4677875999996104,0.9365609348914858,0.9365609348914858,0.8988597888063713,0.8679062863127326,0.15081051126688705,1.0,0.0,10.0,7,7,0.8910551341367172
sensitivity,0.4593869000000268,0.9137451307735114,0.9137451307735114,0.8838367978543246,0.8306170444804738,0.1589531827092188,1.0,0.0,10.0,10,1,0.8827954957109824
sensitivity,0.46525170000040816,0.8903728436282693,0.8903728436282693,0.8798136838643857,0.8248713462145432,0.164428096133216,1.0,0.0,10.0,10,2,0.8841974278200492
sensitivity,0.43469249999998283,0.9393433500278241,0.9393433500278241,0.9055345711813421,0.8762513926404845,0.15698162178217925,1.0,0.0,10.0,10,3,0.8872616409741151
sensitivity,0.4363964999993186,0.9193099610461881,0.9193099610461881,0.8849035312967063,0.8401059498519837,0.1371644117156725,1.0,0.0,10.0,10,5,0.879033939473523
sensitivity,0.4497022999994442,0.9393433500278241,0.9393433500278241,0.9055345711813421,0.8762513926404845,0.15698162178217925,1.0,0.0,10.0,10,7,0.8869905098273319
sensitivity,0.47952600000007806,0.9371174179187535,0.9371174179187535,0.9007112755732333,0.8740692493368719,0.16881328767101347,1.0,0.0,10.0,15,1,0.8822883096188172
sensitivity,0.45350369999960094,0.9371174179187535,0.9371174179187535,0.901590802332879,0.8714787086183059,0.156375349440166,1.0,0.0,10.0,15,2,0.8819879568045453
sensitivity,0.4920931999995446,0.9371174179187535,0.9371174179187535,0.901736834986148,0.8715659606225455,0.15622305821777752,1.0,0.0,10.0,15,3,0.8820096185731154
sensitivity,0.5191193000000567,0.9337785197551475,0.9337785197551475,0.8940949920489689,0.8645516773642904,0.15278118468364257,1.0,0.0,10.0,15,5,0.8787372732512962
sensitivity,0.4597029999995357,0.9365609348914858,0.9365609348914858,0.8988676749973701,0.8700904158815831,0.15633121668091177,1.0,0.0,10.0,15,7,0.8805644694471105
sensitivity,0.47543749999931606,0.907623817473567,0.907623817473567,0.9016318304872493,0.8510426886896166,0.1725823143830604,1.0,0.0,10.0,20,1,0.8769913918985444
sensitivity,0.4893456999998307,0.907623817473567,0.907623817473567,0.9014606348428807,0.850816286912159,0.17268053559908864,1.0,0.0,10.0,20,2,0.8776329092194765
sensitivity,0.48058900000069116,0.907623817473567,0.907623817473567,0.901461362323459,0.8508192941254117,0.17266714388167298,1.0,0.0,10.0,20,3,0.8771826325327742
sensitivity,0.507161300000007,0.9298831385642737,0.9298831385642737,0.9083254630108225,0.8571160947699088,0.16675424758255805,1.0,0.0,10.0,20,5,0.8750919347857712
sensitivity,0.48903859999973065,0.9304396215915415,0.9304396215915415,0.9098829772096952,0.858608948277951,0.16666367269578347,1.0,0.0,10.0,20,7,0.8746633889477455
sensitivity,0.46566789999997127,0.907623817473567,0.907623817473567,0.901461362323459,0.8508192941254117,0.17266714388167298,1.0,0.0,10.0,25,1,0.8720377755944124
sensitivity,0.497513400000571,0.907623817473567,0.907623817473567,0.9016318304872493,0.8510426886896166,0.1725823143830604,1.0,0.0,10.0,25,2,0.8724871850470695
sensitivity,0.4452627000000575,0.907623817473567,0.907623817473567,0.9016318304872493,0.8510426886896166,0.1725823143830604,1.0,0.0,10.0,25,3,0.8718705071592214
sensitivity,0.48370100000011007,0.907623817473567,0.907623817473567,0.9016318304872493,0.8510426886896166,0.1725823143830604,1.0,0.0,10.0,25,5,0.8711550968851108
sensitivity,0.49269079999976384,0.8820255982192543,0.8820255982192543,0.8791293152767132,0.8268127549616535,0.1771574157038985,1.0,0.0,10.0,25,7,0.8681613332851084
sensitivity,0.46366370000032475,0.907623817473567,0.907623817473567,0.901461362323459,0.8508192941254117,0.17266714388167298,1.0,0.0,10.0,30,1,0.8687971038097724
sensitivity,0.4755559999994148,0.9065108514190318,0.9065108514190318,0.9013431581324912,0.8502179013554829,0.1730987177695042,1.0,0.0,10.0,30,2,0.8690179716897015
sensitivity,0.4852850999996008,0.907623817473567,0.907623817473567,0.901461362323459,0.8508192941254117,0.17266714388167298,1.0,0.0,10.0,30,3,0.8682931130122481
sensitivity,0.485683699999754,0.9070673344462994,0.9070673344462994,0.9008787992398685,0.8501364917708919,0.17262363947988418,1.0,0.0,10.0,30,5,0.8673247129325248
sensitivity,0.5124862000002395,0.897607122982749,0.897607122982749,0.8935891223144725,0.8398705333307933,0.17238985149400635,1.0,0.0,10.0,30,7,0.8637979519918927
