method,seconds,acc,conditional_acc,nmi,ari,silhouette,coverage,noise_ratio,n_clusters,seed
Proposed method,0.47009350000007544,0.9554813578185866,0.9554813578185866,0.923523221836697,0.9064115559458318,0.1662544436887399,1.0,0.0,10.0,0
Proposed method,0.45515939999950206,0.9560378408458542,0.9560378408458542,0.9250063958937741,0.9075846889472197,0.16595179232569676,1.0,0.0,10.0,1
Proposed method,0.46340369999961695,0.9560378408458542,0.9560378408458542,0.925023799065214,0.9076613795455039,0.166097189873571,1.0,0.0,10.0,2
Proposed method,0.4577547000008053,0.9560378408458542,0.9560378408458542,0.9250063958937742,0.9075846889472197,0.16595179232569676,1.0,0.0,10.0,3
Proposed method,0.4614701000000423,0.9560378408458542,0.9560378408458542,0.9250063958937741,0.9075846889472197,0.16595179232569676,1.0,0.0,10.0,4
Proposed method,0.46903240000028745,0.9560378408458542,0.9560378408458542,0.9250063958937742,0.9075846889472197,0.16595179232569676,1.0,0.0,10.0,5
Proposed method,0.4636340000006385,0.9560378408458542,0.9560378408458542,0.9250063958937742,0.9075846889472197,0.16595179232569676,1.0,0.0,10.0,6
Proposed method,0.45291160000033415,0.9554813578185866,0.9554813578185866,0.9235057942444923,0.9063349505797992,0.16610811232722153,1.0,0.0,10.0,7
Proposed method,0.4490470999999161,0.9560378408458542,0.9560378408458542,0.9250063958937742,0.9075846889472197,0.16595179232569676,1.0,0.0,10.0,8
Proposed method,0.4515651000001526,0.9560378408458542,0.9560378408458542,0.9249967914422341,0.9075431524543612,0.16592878046508144,1.0,0.0,10.0,9
